{
	"id": "40874fb35e254bc7a3f89d2241ccef26",
	"_format": "hh-sol-build-info-1",
	"solcVersion": "0.8.7",
	"solcLongVersion": "0.8.7+commit.e28d00a7",
	"input": {
		"language": "Solidity",
		"sources": {
			"state.sol": {
				"content": "// SPDX-License-Identifier: GPL-3.0-or-later"
			}
		},
		"settings": {
			"optimizer": {
				"enabled": true,
				"runs": 200
			},
			"outputSelection": {
				"*": {
					"": [
						"ast"
					],
					"*": [
						"abi",
						"metadata",
						"devdoc",
						"userdoc",
						"storageLayout",
						"evm.legacyAssembly",
						"evm.bytecode",
						"evm.deployedBytecode",
						"evm.methodIdentifiers",
						"evm.gasEstimates",
						"evm.assembly"
					]
				}
			}
		}
	},
	"output": {
		"errors": [
			{
				"component": "general",
				"errorCode": "3420",
				"formattedMessage": "Warning: Source file does not specify required compiler version! Consider adding \"pragma solidity ^0.8.7;\"\n--> state.sol\n\n",
				"message": "Source file does not specify required compiler version! Consider adding \"pragma solidity ^0.8.7;\"",
				"severity": "warning",
				"sourceLocation": {
					"end": -1,
					"file": "state.sol",
					"start": -1
				},
				"type": "Warning"
			}
		],
		"sources": {
			"state.sol": {
				"ast": {
					"absolutePath": "state.sol",
					"exportedSymbols": {},
					"id": 1,
					"license": "GPL-3.0-or-later",
					"nodeType": "SourceUnit",
					"nodes": [],
					"src": "44:0:0"
				},
				"id": 0
			}
		}
	}
}