{
	"id": "88613bbc2552f5e199ec3e132db95929",
	"_format": "hh-sol-build-info-1",
	"solcVersion": "0.5.17",
	"solcLongVersion": "0.5.17+commit.d19bba13",
	"input": {
		"language": "Solidity",
		"sources": {
			"Bytes_Array_Dynamic.sol": {
				"content": " //3bytes array"
			}
		},
		"settings": {
			"optimizer": {
				"enabled": true,
				"runs": 200
			},
			"outputSelection": {
				"*": {
					"": [
						"ast"
					],
					"*": [
						"abi",
						"metadata",
						"devdoc",
						"userdoc",
						"storageLayout",
						"evm.legacyAssembly",
						"evm.bytecode",
						"evm.deployedBytecode",
						"evm.methodIdentifiers",
						"evm.gasEstimates",
						"evm.assembly"
					]
				}
			}
		}
	},
	"output": {
		"errors": [
			{
				"component": "general",
				"formattedMessage": "Bytes_Array_Dynamic.sol:1:16: Warning: Source file does not specify required compiler version! Consider adding \"pragma solidity ^0.5.17;\"\n //3bytes array\n               ^\n",
				"message": "Source file does not specify required compiler version! Consider adding \"pragma solidity ^0.5.17;\"",
				"severity": "warning",
				"sourceLocation": {
					"end": 15,
					"file": "Bytes_Array_Dynamic.sol",
					"start": 15
				},
				"type": "Warning"
			}
		],
		"sources": {
			"Bytes_Array_Dynamic.sol": {
				"ast": {
					"absolutePath": "Bytes_Array_Dynamic.sol",
					"exportedSymbols": {},
					"id": 1,
					"nodeType": "SourceUnit",
					"nodes": [],
					"src": "15:0:0"
				},
				"id": 0
			}
		}
	}
}