{
	"id": "8fb224e697a88c480970145881a87e95",
	"_format": "hh-sol-build-info-1",
	"solcVersion": "0.5.17",
	"solcLongVersion": "0.5.17+commit.d19bba13",
	"input": {
		"language": "Solidity",
		"sources": {
			"dynamic_array.sol": {
				"content": ""
			}
		},
		"settings": {
			"optimizer": {
				"enabled": true,
				"runs": 200
			},
			"outputSelection": {
				"*": {
					"": [
						"ast"
					],
					"*": [
						"abi",
						"metadata",
						"devdoc",
						"userdoc",
						"storageLayout",
						"evm.legacyAssembly",
						"evm.bytecode",
						"evm.deployedBytecode",
						"evm.methodIdentifiers",
						"evm.gasEstimates",
						"evm.assembly"
					]
				}
			}
		}
	},
	"output": {
		"errors": [
			{
				"component": "general",
				"formattedMessage": "dynamic_array.sol:1:1: Warning: Source file does not specify required compiler version! Consider adding \"pragma solidity ^0.5.17;\"\n\n^\n",
				"message": "Source file does not specify required compiler version! Consider adding \"pragma solidity ^0.5.17;\"",
				"severity": "warning",
				"sourceLocation": {
					"end": 0,
					"file": "dynamic_array.sol",
					"start": 0
				},
				"type": "Warning"
			}
		],
		"sources": {
			"dynamic_array.sol": {
				"ast": {
					"absolutePath": "dynamic_array.sol",
					"exportedSymbols": {},
					"id": 1,
					"nodeType": "SourceUnit",
					"nodes": [],
					"src": "0:0:0"
				},
				"id": 0
			}
		}
	}
}